Type,Name,Request Count,Failure Count,Median Response Time,Average Response Time,Min Response Time,Max Response Time,Average Content Size,Requests/s,Failures/s,50%,66%,75%,80%,90%,95%,98%,99%,99.9%,99.99%,100%
GET,/api/attendance,1122,0,41,61.4505926738103,17.631291004363447,647.8591659688391,7158.57486631016,1.0670341472569744,0.0,41,60,82,97,120,140,190,240,590,650,650
POST,/api/attendance,1837,0,45,64.08970406959969,15.601708029862493,689.9657089961693,197.9537289058247,1.7470068881560266,0.0,45,65,87,100,120,150,180,220,680,690,690
POST,/api/attendance [pdf auto-attend],1200,0,38,50.78094762109686,18.37220904417336,291.16333299316466,197.0,1.141212991718689,0.0,38,48,56,65,100,130,150,170,280,290,290
PATCH,/api/attendance/[id],971,0,40,60.33516347010972,15.037541976198554,814.189583004918,199.03089598352213,0.923431512465706,0.0,40,58,80,97,120,140,170,260,810,810,810
GET,/api/attendance?eventID=[id]&AlsoFilterByUser=true,1062,0,38,57.53809513374874,15.012207964900881,567.5790830282494,120.97834274952919,1.00997349767104,0.0,38,56,73,90,120,140,180,220,490,570,570
POST,/api/auth/admin/create-mock-user,53,0,340.0,343.1499277204187,240.71195803117007,443.18570801988244,112.13207547169812,0.05040357380090877,0.0,340,360,380,400,420,430,430,440,440,440,440
GET,/api/auth/get-session,1146,45,31,48.794890546134674,11.528374976478517,661.0632499796338,596.4720767888307,1.0898584070913482,0.042795487189450844,31,47,63,75,100,110,140,180,370,660,660
POST,/api/auth/select-university,53,0,27,37.895044869796,15.68854198558256,139.04620794346556,636.8679245283018,0.05040357380090877,0.0,27,33,38,45,65,120,120,140,140,140,140
POST,/api/auth/sign-in/email,53,0,250.0,256.50794500318125,192.83445802284405,397.889792046044,352.8679245283019,0.05040357380090877,0.0,250,270,280,290,300,320,370,400,400,400,400
GET,/api/builder,2284,0,50,68.9389402090226,19.93212499655783,978.534874971956,14.0,2.1721087275712385,0.0,50,71,95,100,130,160,190,230,410,980,980
GET,/api/events,1193,0,100.0,116.217637618739,20.673542050644755,1056.5845409873873,20700.54568315172,1.1345559159336636,0.0,100,130,140,160,190,220,270,340,1100,1100,1100
GET,/api/events?moduleId=[id],3390,0,50,67.87050607553093,16.347583034075797,1144.8422080138698,2377.1265486725665,3.223926701605297,0.0,50,71,94,100,130,150,200,240,680,1100,1100
GET,/api/events?moduleId=[id] [pdf attendance],88,0,53,69.37810185098152,23.425167019013315,383.00216698553413,6437.545454545455,0.0836889527260372,0.0,54,75,94,100,120,130,200,380,380,380,380
GET,/api/modules/enroll/[moduleId],498,0,49,67.10499649667312,20.612124993931502,748.8903750199825,229.0,0.473603391563256,0.0,50,73,93,100,120,140,180,220,750,750,750
GET,/api/modules?universityId=[id],3263,0,79,102.40284436594419,38.62275002757087,1797.909416956827,75190.0,3.103148326648402,0.0,79,110,130,140,170,200,260,340,1100,1800,1800
GET,/api/modules?universityId=[id] [pdf attendance],49,0,55,68.32281046912873,37.99941600300372,241.36837502010167,75190.0,0.04659953049517981,0.0,55,64,76,81,110,160,240,240,240,240,240
GET,/api/pdf-parser/jobs/[id],53,0,43,64.00338277541417,21.914208016823977,277.0383330062032,23687.264150943396,0.05040357380090877,0.0,43,54,73,100,120,170,200,280,280,280,280
GET,/api/pdf-parser/jobs/[id]/result,49,0,49,78.43874573199155,25.803583033848554,348.12041698023677,24751.673469387755,0.04659953049517981,0.0,49,74,110,120,170,200,350,350,350,350,350
POST,/api/pdf-parser/jobs/upload,53,0,90,100.36514615991487,49.033791990950704,205.44112497009337,369.62264150943395,0.05040357380090877,0.0,90,110,130,150,160,190,200,210,210,210,210
POST,/api/solver/jobs,624,0,74,89.86072461499508,28.35408301325515,481.4205829752609,452.27564102564105,0.5934307556937184,0.0,74,99,120,130,160,180,210,250,480,480,480
GET,/api/solver/jobs/[id],529,0,37,54.75538091336611,16.245750011876225,276.9235000014305,918.1984877126654,0.5030847271826555,0.0,37,54,78,90,110,130,150,190,280,280,280
GET,/api/solver/jobs/[id]/result,529,0,42,57.48017249148716,16.419332998339087,294.23350002616644,1042.1134215500945,0.5030847271826555,0.0,42,60,74,91,120,140,160,200,290,290,290
GET,/api/timetables,2213,0,42,59.70256535701034,17.920374986715615,365.8560839830898,4614.516041572526,2.1045869588945494,0.0,42,60,80,95,120,140,160,190,330,370,370
POST,/api/timetables,1314,0,49,68.89962808043332,19.108083040919155,767.2693749773316,294.0,1.2496282259319647,0.0,49,74,97,100,130,150,190,250,390,770,770
GET,/api/timetables/[id],366,0,38,54.83600169644803,16.5094580152072,235.486084013246,161.0,0.3480699624742002,0.0,38,52,71,92,120,140,150,170,240,240,240
PATCH,/api/timetables/[id],937,0,39,54.962623172194625,16.397624975070357,387.88812496932223,161.0,0.8910971443670098,0.0,39,55,69,85,110,130,160,180,390,390,390
,Aggregated,24929,45,53,71.50071277316755,11.528374976478517,1797.909416956827,12307.223033414899,23.707748892129334,0.042795487189450844,53,76,97,110,140,160,220,270,630,1100,1800
